YRMO,cat_desc,dt_desc,val
1/1/1963,New Single-family Houses Sold,Median Sales Price,17200
2/1/1963,New Single-family Houses Sold,Median Sales Price,17700
3/1/1963,New Single-family Houses Sold,Median Sales Price,18200
4/1/1963,New Single-family Houses Sold,Median Sales Price,18200
5/1/1963,New Single-family Houses Sold,Median Sales Price,17500
6/1/1963,New Single-family Houses Sold,Median Sales Price,18000
7/1/1963,New Single-family Houses Sold,Median Sales Price,18400
8/1/1963,New Single-family Houses Sold,Median Sales Price,17800
9/1/1963,New Single-family Houses Sold,Median Sales Price,17900
10/1/1963,New Single-family Houses Sold,Median Sales Price,17600
11/1/1963,New Single-family Houses Sold,Median Sales Price,18400
12/1/1963,New Single-family Houses Sold,Median Sales Price,18700
1/1/1964,New Single-family Houses Sold,Median Sales Price,17800
2/1/1964,New Single-family Houses Sold,Median Sales Price,18000
3/1/1964,New Single-family Houses Sold,Median Sales Price,19000
4/1/1964,New Single-family Houses Sold,Median Sales Price,18800
5/1/1964,New Single-family Houses Sold,Median Sales Price,19300
6/1/1964,New Single-family Houses Sold,Median Sales Price,18800
7/1/1964,New Single-family Houses Sold,Median Sales Price,19100
8/1/1964,New Single-family Houses Sold,Median Sales Price,18900
9/1/1964,New Single-family Houses Sold,Median Sales Price,18900
10/1/1964,New Single-family Houses Sold,Median Sales Price,18900
11/1/1964,New Single-family Houses Sold,Median Sales Price,19300
12/1/1964,New Single-family Houses Sold,Median Sales Price,21000
1/1/1965,New Single-family Houses Sold,Median Sales Price,20700
2/1/1965,New Single-family Houses Sold,Median Sales Price,20400
3/1/1965,New Single-family Houses Sold,Median Sales Price,19800
4/1/1965,New Single-family Houses Sold,Median Sales Price,19900
5/1/1965,New Single-family Houses Sold,Median Sales Price,19600
6/1/1965,New Single-family Houses Sold,Median Sales Price,19800
7/1/1965,New Single-family Houses Sold,Median Sales Price,21000
8/1/1965,New Single-family Houses Sold,Median Sales Price,20200
9/1/1965,New Single-family Houses Sold,Median Sales Price,19600
10/1/1965,New Single-family Houses Sold,Median Sales Price,19900
11/1/1965,New Single-family Houses Sold,Median Sales Price,20600
12/1/1965,New Single-family Houses Sold,Median Sales Price,20300
1/1/1966,New Single-family Houses Sold,Median Sales Price,21200
2/1/1966,New Single-family Houses Sold,Median Sales Price,20900
3/1/1966,New Single-family Houses Sold,Median Sales Price,20800
4/1/1966,New Single-family Houses Sold,Median Sales Price,23000
5/1/1966,New Single-family Houses Sold,Median Sales Price,22300
6/1/1966,New Single-family Houses Sold,Median Sales Price,21200
7/1/1966,New Single-family Houses Sold,Median Sales Price,21800
8/1/1966,New Single-family Houses Sold,Median Sales Price,20700
9/1/1966,New Single-family Houses Sold,Median Sales Price,22200
10/1/1966,New Single-family Houses Sold,Median Sales Price,20800
11/1/1966,New Single-family Houses Sold,Median Sales Price,21700
12/1/1966,New Single-family Houses Sold,Median Sales Price,21700
1/1/1967,New Single-family Houses Sold,Median Sales Price,22200
2/1/1967,New Single-family Houses Sold,Median Sales Price,22400
3/1/1967,New Single-family Houses Sold,Median Sales Price,22400
4/1/1967,New Single-family Houses Sold,Median Sales Price,22300
5/1/1967,New Single-family Houses Sold,Median Sales Price,23700
6/1/1967,New Single-family Houses Sold,Median Sales Price,23900
7/1/1967,New Single-family Houses Sold,Median Sales Price,23300
8/1/1967,New Single-family Houses Sold,Median Sales Price,21700
9/1/1967,New Single-family Houses Sold,Median Sales Price,22800
10/1/1967,New Single-family Houses Sold,Median Sales Price,22300
11/1/1967,New Single-family Houses Sold,Median Sales Price,23100
12/1/1967,New Single-family Houses Sold,Median Sales Price,22200
1/1/1968,New Single-family Houses Sold,Median Sales Price,23400
2/1/1968,New Single-family Houses Sold,Median Sales Price,23500
3/1/1968,New Single-family Houses Sold,Median Sales Price,24600
4/1/1968,New Single-family Houses Sold,Median Sales Price,24500
5/1/1968,New Single-family Houses Sold,Median Sales Price,25300
6/1/1968,New Single-family Houses Sold,Median Sales Price,25400
7/1/1968,New Single-family Houses Sold,Median Sales Price,24600
8/1/1968,New Single-family Houses Sold,Median Sales Price,25000
9/1/1968,New Single-family Houses Sold,Median Sales Price,25000
10/1/1968,New Single-family Houses Sold,Median Sales Price,25600
11/1/1968,New Single-family Houses Sold,Median Sales Price,24600
12/1/1968,New Single-family Houses Sold,Median Sales Price,26500
1/1/1969,New Single-family Houses Sold,Median Sales Price,24600
2/1/1969,New Single-family Houses Sold,Median Sales Price,26000
3/1/1969,New Single-family Houses Sold,Median Sales Price,26200
4/1/1969,New Single-family Houses Sold,Median Sales Price,25900
5/1/1969,New Single-family Houses Sold,Median Sales Price,26900
6/1/1969,New Single-family Houses Sold,Median Sales Price,25200
7/1/1969,New Single-family Houses Sold,Median Sales Price,26800
8/1/1969,New Single-family Houses Sold,Median Sales Price,24900
9/1/1969,New Single-family Houses Sold,Median Sales Price,26000
10/1/1969,New Single-family Houses Sold,Median Sales Price,24400
11/1/1969,New Single-family Houses Sold,Median Sales Price,24900
12/1/1969,New Single-family Houses Sold,Median Sales Price,25100
1/1/1970,New Single-family Houses Sold,Median Sales Price,23600
2/1/1970,New Single-family Houses Sold,Median Sales Price,24100
3/1/1970,New Single-family Houses Sold,Median Sales Price,24100
4/1/1970,New Single-family Houses Sold,Median Sales Price,24200
5/1/1970,New Single-family Houses Sold,Median Sales Price,25700
6/1/1970,New Single-family Houses Sold,Median Sales Price,23800
7/1/1970,New Single-family Houses Sold,Median Sales Price,22900
8/1/1970,New Single-family Houses Sold,Median Sales Price,23500
9/1/1970,New Single-family Houses Sold,Median Sales Price,22600
10/1/1970,New Single-family Houses Sold,Median Sales Price,22100
11/1/1970,New Single-family Houses Sold,Median Sales Price,23500
12/1/1970,New Single-family Houses Sold,Median Sales Price,22300
1/1/1971,New Single-family Houses Sold,Median Sales Price,23900
2/1/1971,New Single-family Houses Sold,Median Sales Price,24500
3/1/1971,New Single-family Houses Sold,Median Sales Price,24300
4/1/1971,New Single-family Houses Sold,Median Sales Price,25800
5/1/1971,New Single-family Houses Sold,Median Sales Price,25500
6/1/1971,New Single-family Houses Sold,Median Sales Price,26100
7/1/1971,New Single-family Houses Sold,Median Sales Price,25200
8/1/1971,New Single-family Houses Sold,Median Sales Price,25300
9/1/1971,New Single-family Houses Sold,Median Sales Price,25400
10/1/1971,New Single-family Houses Sold,Median Sales Price,25600
11/1/1971,New Single-family Houses Sold,Median Sales Price,25700
12/1/1971,New Single-family Houses Sold,Median Sales Price,25300
1/1/1972,New Single-family Houses Sold,Median Sales Price,24700
2/1/1972,New Single-family Houses Sold,Median Sales Price,26500
3/1/1972,New Single-family Houses Sold,Median Sales Price,27400
4/1/1972,New Single-family Houses Sold,Median Sales Price,26700
5/1/1972,New Single-family Houses Sold,Median Sales Price,27000
6/1/1972,New Single-family Houses Sold,Median Sales Price,26800
7/1/1972,New Single-family Houses Sold,Median Sales Price,27700
8/1/1972,New Single-family Houses Sold,Median Sales Price,28100
9/1/1972,New Single-family Houses Sold,Median Sales Price,28000
10/1/1972,New Single-family Houses Sold,Median Sales Price,28900
11/1/1972,New Single-family Houses Sold,Median Sales Price,29100
12/1/1972,New Single-family Houses Sold,Median Sales Price,29700
1/1/1973,New Single-family Houses Sold,Median Sales Price,29900
2/1/1973,New Single-family Houses Sold,Median Sales Price,29700
3/1/1973,New Single-family Houses Sold,Median Sales Price,31400
4/1/1973,New Single-family Houses Sold,Median Sales Price,32800
5/1/1973,New Single-family Houses Sold,Median Sales Price,32000
6/1/1973,New Single-family Houses Sold,Median Sales Price,33100
7/1/1973,New Single-family Houses Sold,Median Sales Price,34200
8/1/1973,New Single-family Houses Sold,Median Sales Price,33200
9/1/1973,New Single-family Houses Sold,Median Sales Price,33200
10/1/1973,New Single-family Houses Sold,Median Sales Price,33300
11/1/1973,New Single-family Houses Sold,Median Sales Price,34000
12/1/1973,New Single-family Houses Sold,Median Sales Price,35700
1/1/1974,New Single-family Houses Sold,Median Sales Price,34200
2/1/1974,New Single-family Houses Sold,Median Sales Price,34900
3/1/1974,New Single-family Houses Sold,Median Sales Price,36000
4/1/1974,New Single-family Houses Sold,Median Sales Price,35700
5/1/1974,New Single-family Houses Sold,Median Sales Price,35700
6/1/1974,New Single-family Houses Sold,Median Sales Price,35100
7/1/1974,New Single-family Houses Sold,Median Sales Price,36800
8/1/1974,New Single-family Houses Sold,Median Sales Price,35700
9/1/1974,New Single-family Houses Sold,Median Sales Price,36200
10/1/1974,New Single-family Houses Sold,Median Sales Price,37200
11/1/1974,New Single-family Houses Sold,Median Sales Price,37300
12/1/1974,New Single-family Houses Sold,Median Sales Price,37400
1/1/1975,New Single-family Houses Sold,Median Sales Price,37200
2/1/1975,New Single-family Houses Sold,Median Sales Price,37900
3/1/1975,New Single-family Houses Sold,Median Sales Price,38800
4/1/1975,New Single-family Houses Sold,Median Sales Price,39200
5/1/1975,New Single-family Houses Sold,Median Sales Price,39500
6/1/1975,New Single-family Houses Sold,Median Sales Price,37900
7/1/1975,New Single-family Houses Sold,Median Sales Price,38600
8/1/1975,New Single-family Houses Sold,Median Sales Price,38200
9/1/1975,New Single-family Houses Sold,Median Sales Price,39700
10/1/1975,New Single-family Houses Sold,Median Sales Price,40700
11/1/1975,New Single-family Houses Sold,Median Sales Price,41100
12/1/1975,New Single-family Houses Sold,Median Sales Price,42100
1/1/1976,New Single-family Houses Sold,Median Sales Price,41600
2/1/1976,New Single-family Houses Sold,Median Sales Price,42700
3/1/1976,New Single-family Houses Sold,Median Sales Price,43600
4/1/1976,New Single-family Houses Sold,Median Sales Price,43300
5/1/1976,New Single-family Houses Sold,Median Sales Price,43600
6/1/1976,New Single-family Houses Sold,Median Sales Price,46100
7/1/1976,New Single-family Houses Sold,Median Sales Price,44600
8/1/1976,New Single-family Houses Sold,Median Sales Price,44200
9/1/1976,New Single-family Houses Sold,Median Sales Price,44700
10/1/1976,New Single-family Houses Sold,Median Sales Price,45300
11/1/1976,New Single-family Houses Sold,Median Sales Price,45800
12/1/1976,New Single-family Houses Sold,Median Sales Price,45900
1/1/1977,New Single-family Houses Sold,Median Sales Price,45500
2/1/1977,New Single-family Houses Sold,Median Sales Price,47400
3/1/1977,New Single-family Houses Sold,Median Sales Price,46200
4/1/1977,New Single-family Houses Sold,Median Sales Price,48700
5/1/1977,New Single-family Houses Sold,Median Sales Price,49300
6/1/1977,New Single-family Houses Sold,Median Sales Price,48700
7/1/1977,New Single-family Houses Sold,Median Sales Price,48600
8/1/1977,New Single-family Houses Sold,Median Sales Price,49000
9/1/1977,New Single-family Houses Sold,Median Sales Price,48500
10/1/1977,New Single-family Houses Sold,Median Sales Price,51400
11/1/1977,New Single-family Houses Sold,Median Sales Price,51800
12/1/1977,New Single-family Houses Sold,Median Sales Price,52700
1/1/1978,New Single-family Houses Sold,Median Sales Price,52300
2/1/1978,New Single-family Houses Sold,Median Sales Price,53200
3/1/1978,New Single-family Houses Sold,Median Sales Price,53200
4/1/1978,New Single-family Houses Sold,Median Sales Price,53300
5/1/1978,New Single-family Houses Sold,Median Sales Price,55700
6/1/1978,New Single-family Houses Sold,Median Sales Price,56700
7/1/1978,New Single-family Houses Sold,Median Sales Price,54800
8/1/1978,New Single-family Houses Sold,Median Sales Price,56100
9/1/1978,New Single-family Houses Sold,Median Sales Price,57300
10/1/1978,New Single-family Houses Sold,Median Sales Price,58300
11/1/1978,New Single-family Houses Sold,Median Sales Price,58700
12/1/1978,New Single-family Houses Sold,Median Sales Price,59900
1/1/1979,New Single-family Houses Sold,Median Sales Price,60300
2/1/1979,New Single-family Houses Sold,Median Sales Price,61200
3/1/1979,New Single-family Houses Sold,Median Sales Price,60400
4/1/1979,New Single-family Houses Sold,Median Sales Price,62600
5/1/1979,New Single-family Houses Sold,Median Sales Price,62800
6/1/1979,New Single-family Houses Sold,Median Sales Price,64200
7/1/1979,New Single-family Houses Sold,Median Sales Price,63800
8/1/1979,New Single-family Houses Sold,Median Sales Price,64000
9/1/1979,New Single-family Houses Sold,Median Sales Price,66000
10/1/1979,New Single-family Houses Sold,Median Sales Price,62300
11/1/1979,New Single-family Houses Sold,Median Sales Price,63900
12/1/1979,New Single-family Houses Sold,Median Sales Price,61500
1/1/1980,New Single-family Houses Sold,Median Sales Price,62900
2/1/1980,New Single-family Houses Sold,Median Sales Price,64900
3/1/1980,New Single-family Houses Sold,Median Sales Price,62600
4/1/1980,New Single-family Houses Sold,Median Sales Price,63100
5/1/1980,New Single-family Houses Sold,Median Sales Price,63100
6/1/1980,New Single-family Houses Sold,Median Sales Price,64900
7/1/1980,New Single-family Houses Sold,Median Sales Price,64000
8/1/1980,New Single-family Houses Sold,Median Sales Price,63400
9/1/1980,New Single-family Houses Sold,Median Sales Price,68300
10/1/1980,New Single-family Houses Sold,Median Sales Price,65600
11/1/1980,New Single-family Houses Sold,Median Sales Price,66700
12/1/1980,New Single-family Houses Sold,Median Sales Price,67000
1/1/1981,New Single-family Houses Sold,Median Sales Price,67600
2/1/1981,New Single-family Houses Sold,Median Sales Price,66200
3/1/1981,New Single-family Houses Sold,Median Sales Price,66700
4/1/1981,New Single-family Houses Sold,Median Sales Price,68700
5/1/1981,New Single-family Houses Sold,Median Sales Price,70800
6/1/1981,New Single-family Houses Sold,Median Sales Price,68800
7/1/1981,New Single-family Houses Sold,Median Sales Price,69500
8/1/1981,New Single-family Houses Sold,Median Sales Price,72600
9/1/1981,New Single-family Houses Sold,Median Sales Price,65800
10/1/1981,New Single-family Houses Sold,Median Sales Price,69600
11/1/1981,New Single-family Houses Sold,Median Sales Price,71200
12/1/1981,New Single-family Houses Sold,Median Sales Price,68400
1/1/1982,New Single-family Houses Sold,Median Sales Price,66200
2/1/1982,New Single-family Houses Sold,Median Sales Price,65700
3/1/1982,New Single-family Houses Sold,Median Sales Price,67200
4/1/1982,New Single-family Houses Sold,Median Sales Price,70200
5/1/1982,New Single-family Houses Sold,Median Sales Price,69300
6/1/1982,New Single-family Houses Sold,Median Sales Price,69300
7/1/1982,New Single-family Houses Sold,Median Sales Price,70900
8/1/1982,New Single-family Houses Sold,Median Sales Price,70100
9/1/1982,New Single-family Houses Sold,Median Sales Price,67800
10/1/1982,New Single-family Houses Sold,Median Sales Price,69700
11/1/1982,New Single-family Houses Sold,Median Sales Price,73500
12/1/1982,New Single-family Houses Sold,Median Sales Price,71700
1/1/1983,New Single-family Houses Sold,Median Sales Price,73500
2/1/1983,New Single-family Houses Sold,Median Sales Price,73800
3/1/1983,New Single-family Houses Sold,Median Sales Price,72500
4/1/1983,New Single-family Houses Sold,Median Sales Price,74700
5/1/1983,New Single-family Houses Sold,Median Sales Price,74500
6/1/1983,New Single-family Houses Sold,Median Sales Price,75800
7/1/1983,New Single-family Houses Sold,Median Sales Price,75200
8/1/1983,New Single-family Houses Sold,Median Sales Price,76800
9/1/1983,New Single-family Houses Sold,Median Sales Price,81000
10/1/1983,New Single-family Houses Sold,Median Sales Price,75900
11/1/1983,New Single-family Houses Sold,Median Sales Price,75900
12/1/1983,New Single-family Houses Sold,Median Sales Price,75900
1/1/1984,New Single-family Houses Sold,Median Sales Price,76200
2/1/1984,New Single-family Houses Sold,Median Sales Price,79200
3/1/1984,New Single-family Houses Sold,Median Sales Price,78400
4/1/1984,New Single-family Houses Sold,Median Sales Price,79600
5/1/1984,New Single-family Houses Sold,Median Sales Price,81400
6/1/1984,New Single-family Houses Sold,Median Sales Price,80500
7/1/1984,New Single-family Houses Sold,Median Sales Price,80700
8/1/1984,New Single-family Houses Sold,Median Sales Price,82000
9/1/1984,New Single-family Houses Sold,Median Sales Price,81300
10/1/1984,New Single-family Houses Sold,Median Sales Price,80100
11/1/1984,New Single-family Houses Sold,Median Sales Price,82500
12/1/1984,New Single-family Houses Sold,Median Sales Price,78300
1/1/1985,New Single-family Houses Sold,Median Sales Price,82500
2/1/1985,New Single-family Houses Sold,Median Sales Price,82000
3/1/1985,New Single-family Houses Sold,Median Sales Price,84200
4/1/1985,New Single-family Houses Sold,Median Sales Price,85600
5/1/1985,New Single-family Houses Sold,Median Sales Price,80100
6/1/1985,New Single-family Houses Sold,Median Sales Price,86300
7/1/1985,New Single-family Houses Sold,Median Sales Price,82100
8/1/1985,New Single-family Houses Sold,Median Sales Price,83300
9/1/1985,New Single-family Houses Sold,Median Sales Price,84700
10/1/1985,New Single-family Houses Sold,Median Sales Price,85400
11/1/1985,New Single-family Houses Sold,Median Sales Price,87200
12/1/1985,New Single-family Houses Sold,Median Sales Price,87900
1/1/1986,New Single-family Houses Sold,Median Sales Price,86600
2/1/1986,New Single-family Houses Sold,Median Sales Price,89700
3/1/1986,New Single-family Houses Sold,Median Sales Price,88700
4/1/1986,New Single-family Houses Sold,Median Sales Price,92500
5/1/1986,New Single-family Houses Sold,Median Sales Price,92100
6/1/1986,New Single-family Houses Sold,Median Sales Price,91200
7/1/1986,New Single-family Houses Sold,Median Sales Price,94100
8/1/1986,New Single-family Houses Sold,Median Sales Price,91500
9/1/1986,New Single-family Houses Sold,Median Sales Price,95000
10/1/1986,New Single-family Houses Sold,Median Sales Price,96400
11/1/1986,New Single-family Houses Sold,Median Sales Price,94000
12/1/1986,New Single-family Houses Sold,Median Sales Price,95000
1/1/1987,New Single-family Houses Sold,Median Sales Price,98500
2/1/1987,New Single-family Houses Sold,Median Sales Price,95200
3/1/1987,New Single-family Houses Sold,Median Sales Price,98400
4/1/1987,New Single-family Houses Sold,Median Sales Price,96500
5/1/1987,New Single-family Houses Sold,Median Sales Price,104900
6/1/1987,New Single-family Houses Sold,Median Sales Price,109000
7/1/1987,New Single-family Houses Sold,Median Sales Price,105000
8/1/1987,New Single-family Houses Sold,Median Sales Price,106800
9/1/1987,New Single-family Houses Sold,Median Sales Price,106500
10/1/1987,New Single-family Houses Sold,Median Sales Price,106500
11/1/1987,New Single-family Houses Sold,Median Sales Price,117000
12/1/1987,New Single-family Houses Sold,Median Sales Price,111800
1/1/1988,New Single-family Houses Sold,Median Sales Price,119000
2/1/1988,New Single-family Houses Sold,Median Sales Price,110900
3/1/1988,New Single-family Houses Sold,Median Sales Price,108900
4/1/1988,New Single-family Houses Sold,Median Sales Price,111000
5/1/1988,New Single-family Houses Sold,Median Sales Price,110000
6/1/1988,New Single-family Houses Sold,Median Sales Price,111500
7/1/1988,New Single-family Houses Sold,Median Sales Price,118000
8/1/1988,New Single-family Houses Sold,Median Sales Price,110000
9/1/1988,New Single-family Houses Sold,Median Sales Price,116600
10/1/1988,New Single-family Houses Sold,Median Sales Price,112900
11/1/1988,New Single-family Houses Sold,Median Sales Price,110400
12/1/1988,New Single-family Houses Sold,Median Sales Price,121000
1/1/1989,New Single-family Houses Sold,Median Sales Price,113000
2/1/1989,New Single-family Houses Sold,Median Sales Price,118000
3/1/1989,New Single-family Houses Sold,Median Sales Price,123000
4/1/1989,New Single-family Houses Sold,Median Sales Price,116700
5/1/1989,New Single-family Houses Sold,Median Sales Price,119000
6/1/1989,New Single-family Houses Sold,Median Sales Price,122800
7/1/1989,New Single-family Houses Sold,Median Sales Price,116000
8/1/1989,New Single-family Houses Sold,Median Sales Price,122900
9/1/1989,New Single-family Houses Sold,Median Sales Price,120000
10/1/1989,New Single-family Houses Sold,Median Sales Price,123000
11/1/1989,New Single-family Houses Sold,Median Sales Price,125000
12/1/1989,New Single-family Houses Sold,Median Sales Price,125200
1/1/1990,New Single-family Houses Sold,Median Sales Price,125000
2/1/1990,New Single-family Houses Sold,Median Sales Price,126900
3/1/1990,New Single-family Houses Sold,Median Sales Price,119400
4/1/1990,New Single-family Houses Sold,Median Sales Price,130000
5/1/1990,New Single-family Houses Sold,Median Sales Price,125000
6/1/1990,New Single-family Houses Sold,Median Sales Price,125000
7/1/1990,New Single-family Houses Sold,Median Sales Price,118700
8/1/1990,New Single-family Houses Sold,Median Sales Price,118400
9/1/1990,New Single-family Houses Sold,Median Sales Price,113000
10/1/1990,New Single-family Houses Sold,Median Sales Price,120000
11/1/1990,New Single-family Houses Sold,Median Sales Price,118900
12/1/1990,New Single-family Houses Sold,Median Sales Price,127000
1/1/1991,New Single-family Houses Sold,Median Sales Price,117900
2/1/1991,New Single-family Houses Sold,Median Sales Price,119900
3/1/1991,New Single-family Houses Sold,Median Sales Price,122500
4/1/1991,New Single-family Houses Sold,Median Sales Price,121000
5/1/1991,New Single-family Houses Sold,Median Sales Price,116000
6/1/1991,New Single-family Houses Sold,Median Sales Price,119000
7/1/1991,New Single-family Houses Sold,Median Sales Price,120000
8/1/1991,New Single-family Houses Sold,Median Sales Price,120800
9/1/1991,New Single-family Houses Sold,Median Sales Price,120000
10/1/1991,New Single-family Houses Sold,Median Sales Price,122600
11/1/1991,New Single-family Houses Sold,Median Sales Price,118500
12/1/1991,New Single-family Houses Sold,Median Sales Price,122000
1/1/1992,New Single-family Houses Sold,Median Sales Price,120000
2/1/1992,New Single-family Houses Sold,Median Sales Price,117200
3/1/1992,New Single-family Houses Sold,Median Sales Price,120000
4/1/1992,New Single-family Houses Sold,Median Sales Price,120000
5/1/1992,New Single-family Houses Sold,Median Sales Price,113000
6/1/1992,New Single-family Houses Sold,Median Sales Price,124500
7/1/1992,New Single-family Houses Sold,Median Sales Price,118000
8/1/1992,New Single-family Houses Sold,Median Sales Price,123500
9/1/1992,New Single-family Houses Sold,Median Sales Price,119500
10/1/1992,New Single-family Houses Sold,Median Sales Price,125000
11/1/1992,New Single-family Houses Sold,Median Sales Price,128900
12/1/1992,New Single-family Houses Sold,Median Sales Price,126000
1/1/1993,New Single-family Houses Sold,Median Sales Price,118000
2/1/1993,New Single-family Houses Sold,Median Sales Price,129400
3/1/1993,New Single-family Houses Sold,Median Sales Price,125000
4/1/1993,New Single-family Houses Sold,Median Sales Price,127000
5/1/1993,New Single-family Houses Sold,Median Sales Price,129900
6/1/1993,New Single-family Houses Sold,Median Sales Price,124500
7/1/1993,New Single-family Houses Sold,Median Sales Price,123900
8/1/1993,New Single-family Houses Sold,Median Sales Price,126600
9/1/1993,New Single-family Houses Sold,Median Sales Price,129400
10/1/1993,New Single-family Houses Sold,Median Sales Price,125000
11/1/1993,New Single-family Houses Sold,Median Sales Price,130000
12/1/1993,New Single-family Houses Sold,Median Sales Price,125000
1/1/1994,New Single-family Houses Sold,Median Sales Price,126000
2/1/1994,New Single-family Houses Sold,Median Sales Price,129900
3/1/1994,New Single-family Houses Sold,Median Sales Price,132300
4/1/1994,New Single-family Houses Sold,Median Sales Price,129000
5/1/1994,New Single-family Houses Sold,Median Sales Price,129900
6/1/1994,New Single-family Houses Sold,Median Sales Price,133500
7/1/1994,New Single-family Houses Sold,Median Sales Price,124400
8/1/1994,New Single-family Houses Sold,Median Sales Price,133300
9/1/1994,New Single-family Houses Sold,Median Sales Price,129700
10/1/1994,New Single-family Houses Sold,Median Sales Price,132000
11/1/1994,New Single-family Houses Sold,Median Sales Price,129900
12/1/1994,New Single-family Houses Sold,Median Sales Price,135000
1/1/1995,New Single-family Houses Sold,Median Sales Price,127900
2/1/1995,New Single-family Houses Sold,Median Sales Price,135000
3/1/1995,New Single-family Houses Sold,Median Sales Price,130000
4/1/1995,New Single-family Houses Sold,Median Sales Price,134000
5/1/1995,New Single-family Houses Sold,Median Sales Price,133900
6/1/1995,New Single-family Houses Sold,Median Sales Price,133700
7/1/1995,New Single-family Houses Sold,Median Sales Price,131000
8/1/1995,New Single-family Houses Sold,Median Sales Price,134900
9/1/1995,New Single-family Houses Sold,Median Sales Price,130000
10/1/1995,New Single-family Houses Sold,Median Sales Price,135200
11/1/1995,New Single-family Houses Sold,Median Sales Price,137000
12/1/1995,New Single-family Houses Sold,Median Sales Price,138600
1/1/1996,New Single-family Houses Sold,Median Sales Price,131900
2/1/1996,New Single-family Houses Sold,Median Sales Price,139400
3/1/1996,New Single-family Houses Sold,Median Sales Price,137000
4/1/1996,New Single-family Houses Sold,Median Sales Price,140000
5/1/1996,New Single-family Houses Sold,Median Sales Price,136500
6/1/1996,New Single-family Houses Sold,Median Sales Price,140000
7/1/1996,New Single-family Houses Sold,Median Sales Price,144200
8/1/1996,New Single-family Houses Sold,Median Sales Price,137000
9/1/1996,New Single-family Houses Sold,Median Sales Price,139000
10/1/1996,New Single-family Houses Sold,Median Sales Price,143800
11/1/1996,New Single-family Houses Sold,Median Sales Price,143500
12/1/1996,New Single-family Houses Sold,Median Sales Price,144900
1/1/1997,New Single-family Houses Sold,Median Sales Price,145000
2/1/1997,New Single-family Houses Sold,Median Sales Price,143000
3/1/1997,New Single-family Houses Sold,Median Sales Price,148000
4/1/1997,New Single-family Houses Sold,Median Sales Price,150000
5/1/1997,New Single-family Houses Sold,Median Sales Price,141000
6/1/1997,New Single-family Houses Sold,Median Sales Price,145000
7/1/1997,New Single-family Houses Sold,Median Sales Price,145900
8/1/1997,New Single-family Houses Sold,Median Sales Price,144000
9/1/1997,New Single-family Houses Sold,Median Sales Price,146300
10/1/1997,New Single-family Houses Sold,Median Sales Price,141500
11/1/1997,New Single-family Houses Sold,Median Sales Price,145000
12/1/1997,New Single-family Houses Sold,Median Sales Price,145900
1/1/1998,New Single-family Houses Sold,Median Sales Price,148000
2/1/1998,New Single-family Houses Sold,Median Sales Price,156000
3/1/1998,New Single-family Houses Sold,Median Sales Price,152700
4/1/1998,New Single-family Houses Sold,Median Sales Price,148000
5/1/1998,New Single-family Houses Sold,Median Sales Price,153200
6/1/1998,New Single-family Houses Sold,Median Sales Price,148000
7/1/1998,New Single-family Houses Sold,Median Sales Price,149900
8/1/1998,New Single-family Houses Sold,Median Sales Price,154900
9/1/1998,New Single-family Houses Sold,Median Sales Price,155000
10/1/1998,New Single-family Houses Sold,Median Sales Price,154500
11/1/1998,New Single-family Houses Sold,Median Sales Price,151000
12/1/1998,New Single-family Houses Sold,Median Sales Price,152500
1/1/1999,New Single-family Houses Sold,Median Sales Price,153100
2/1/1999,New Single-family Houses Sold,Median Sales Price,160000
3/1/1999,New Single-family Houses Sold,Median Sales Price,157300
4/1/1999,New Single-family Houses Sold,Median Sales Price,159900
5/1/1999,New Single-family Houses Sold,Median Sales Price,154400
6/1/1999,New Single-family Houses Sold,Median Sales Price,159300
7/1/1999,New Single-family Houses Sold,Median Sales Price,158200
8/1/1999,New Single-family Houses Sold,Median Sales Price,154800
9/1/1999,New Single-family Houses Sold,Median Sales Price,163200
10/1/1999,New Single-family Houses Sold,Median Sales Price,161100
11/1/1999,New Single-family Houses Sold,Median Sales Price,172000
12/1/1999,New Single-family Houses Sold,Median Sales Price,164800
1/1/2000,New Single-family Houses Sold,Median Sales Price,163500
2/1/2000,New Single-family Houses Sold,Median Sales Price,162400
3/1/2000,New Single-family Houses Sold,Median Sales Price,165100
4/1/2000,New Single-family Houses Sold,Median Sales Price,162600
5/1/2000,New Single-family Houses Sold,Median Sales Price,164700
6/1/2000,New Single-family Houses Sold,Median Sales Price,160100
7/1/2000,New Single-family Houses Sold,Median Sales Price,169000
8/1/2000,New Single-family Houses Sold,Median Sales Price,166600
9/1/2000,New Single-family Houses Sold,Median Sales Price,171500
10/1/2000,New Single-family Houses Sold,Median Sales Price,176300
11/1/2000,New Single-family Houses Sold,Median Sales Price,174700
12/1/2000,New Single-family Houses Sold,Median Sales Price,162000
1/1/2001,New Single-family Houses Sold,Median Sales Price,171300
2/1/2001,New Single-family Houses Sold,Median Sales Price,169100
3/1/2001,New Single-family Houses Sold,Median Sales Price,166300
4/1/2001,New Single-family Houses Sold,Median Sales Price,175200
5/1/2001,New Single-family Houses Sold,Median Sales Price,175300
6/1/2001,New Single-family Houses Sold,Median Sales Price,179400
7/1/2001,New Single-family Houses Sold,Median Sales Price,175000
8/1/2001,New Single-family Houses Sold,Median Sales Price,173700
9/1/2001,New Single-family Houses Sold,Median Sales Price,166400
10/1/2001,New Single-family Houses Sold,Median Sales Price,171300
11/1/2001,New Single-family Houses Sold,Median Sales Price,168100
12/1/2001,New Single-family Houses Sold,Median Sales Price,180200
1/1/2002,New Single-family Houses Sold,Median Sales Price,187100
2/1/2002,New Single-family Houses Sold,Median Sales Price,191100
3/1/2002,New Single-family Houses Sold,Median Sales Price,183400
4/1/2002,New Single-family Houses Sold,Median Sales Price,187100
5/1/2002,New Single-family Houses Sold,Median Sales Price,181000
6/1/2002,New Single-family Houses Sold,Median Sales Price,190600
7/1/2002,New Single-family Houses Sold,Median Sales Price,175600
8/1/2002,New Single-family Houses Sold,Median Sales Price,178900
9/1/2002,New Single-family Houses Sold,Median Sales Price,177500
10/1/2002,New Single-family Houses Sold,Median Sales Price,189200
11/1/2002,New Single-family Houses Sold,Median Sales Price,181200
12/1/2002,New Single-family Houses Sold,Median Sales Price,197600
1/1/2003,New Single-family Houses Sold,Median Sales Price,181700
2/1/2003,New Single-family Houses Sold,Median Sales Price,187000
3/1/2003,New Single-family Houses Sold,Median Sales Price,185100
4/1/2003,New Single-family Houses Sold,Median Sales Price,189500
5/1/2003,New Single-family Houses Sold,Median Sales Price,195500
6/1/2003,New Single-family Houses Sold,Median Sales Price,187900
7/1/2003,New Single-family Houses Sold,Median Sales Price,190200
8/1/2003,New Single-family Houses Sold,Median Sales Price,190500
9/1/2003,New Single-family Houses Sold,Median Sales Price,192000
10/1/2003,New Single-family Houses Sold,Median Sales Price,194100
11/1/2003,New Single-family Houses Sold,Median Sales Price,207100
12/1/2003,New Single-family Houses Sold,Median Sales Price,196000
1/1/2004,New Single-family Houses Sold,Median Sales Price,209500
2/1/2004,New Single-family Houses Sold,Median Sales Price,219600
3/1/2004,New Single-family Houses Sold,Median Sales Price,209600
4/1/2004,New Single-family Houses Sold,Median Sales Price,222300
5/1/2004,New Single-family Houses Sold,Median Sales Price,211700
6/1/2004,New Single-family Houses Sold,Median Sales Price,215700
7/1/2004,New Single-family Houses Sold,Median Sales Price,212400
8/1/2004,New Single-family Houses Sold,Median Sales Price,218100
9/1/2004,New Single-family Houses Sold,Median Sales Price,211600
10/1/2004,New Single-family Houses Sold,Median Sales Price,229200
11/1/2004,New Single-family Houses Sold,Median Sales Price,224500
12/1/2004,New Single-family Houses Sold,Median Sales Price,229600
1/1/2005,New Single-family Houses Sold,Median Sales Price,223100
2/1/2005,New Single-family Houses Sold,Median Sales Price,237300
3/1/2005,New Single-family Houses Sold,Median Sales Price,229300
4/1/2005,New Single-family Houses Sold,Median Sales Price,236300
5/1/2005,New Single-family Houses Sold,Median Sales Price,228300
6/1/2005,New Single-family Houses Sold,Median Sales Price,226100
7/1/2005,New Single-family Houses Sold,Median Sales Price,229200
8/1/2005,New Single-family Houses Sold,Median Sales Price,240100
9/1/2005,New Single-family Houses Sold,Median Sales Price,240400
10/1/2005,New Single-family Houses Sold,Median Sales Price,243900
11/1/2005,New Single-family Houses Sold,Median Sales Price,237900
12/1/2005,New Single-family Houses Sold,Median Sales Price,238600
1/1/2006,New Single-family Houses Sold,Median Sales Price,244900
2/1/2006,New Single-family Houses Sold,Median Sales Price,250800
3/1/2006,New Single-family Houses Sold,Median Sales Price,238800
4/1/2006,New Single-family Houses Sold,Median Sales Price,257000
5/1/2006,New Single-family Houses Sold,Median Sales Price,238200
6/1/2006,New Single-family Houses Sold,Median Sales Price,243200
7/1/2006,New Single-family Houses Sold,Median Sales Price,238100
8/1/2006,New Single-family Houses Sold,Median Sales Price,243900
9/1/2006,New Single-family Houses Sold,Median Sales Price,226700
10/1/2006,New Single-family Houses Sold,Median Sales Price,250400
11/1/2006,New Single-family Houses Sold,Median Sales Price,240100
12/1/2006,New Single-family Houses Sold,Median Sales Price,244700
1/1/2007,New Single-family Houses Sold,Median Sales Price,254400
2/1/2007,New Single-family Houses Sold,Median Sales Price,250800
3/1/2007,New Single-family Houses Sold,Median Sales Price,262600
4/1/2007,New Single-family Houses Sold,Median Sales Price,242500
5/1/2007,New Single-family Houses Sold,Median Sales Price,245000
6/1/2007,New Single-family Houses Sold,Median Sales Price,235500
7/1/2007,New Single-family Houses Sold,Median Sales Price,246200
8/1/2007,New Single-family Houses Sold,Median Sales Price,236500
9/1/2007,New Single-family Houses Sold,Median Sales Price,240300
10/1/2007,New Single-family Houses Sold,Median Sales Price,234300
11/1/2007,New Single-family Houses Sold,Median Sales Price,249100
12/1/2007,New Single-family Houses Sold,Median Sales Price,227700
1/1/2008,New Single-family Houses Sold,Median Sales Price,232400
2/1/2008,New Single-family Houses Sold,Median Sales Price,245300
3/1/2008,New Single-family Houses Sold,Median Sales Price,229300
4/1/2008,New Single-family Houses Sold,Median Sales Price,246400
5/1/2008,New Single-family Houses Sold,Median Sales Price,229300
6/1/2008,New Single-family Houses Sold,Median Sales Price,234300
7/1/2008,New Single-family Houses Sold,Median Sales Price,237300
8/1/2008,New Single-family Houses Sold,Median Sales Price,221000
9/1/2008,New Single-family Houses Sold,Median Sales Price,225200
10/1/2008,New Single-family Houses Sold,Median Sales Price,213200
11/1/2008,New Single-family Houses Sold,Median Sales Price,221600
12/1/2008,New Single-family Houses Sold,Median Sales Price,229600
1/1/2009,New Single-family Houses Sold,Median Sales Price,208600
2/1/2009,New Single-family Houses Sold,Median Sales Price,209700
3/1/2009,New Single-family Houses Sold,Median Sales Price,205100
4/1/2009,New Single-family Houses Sold,Median Sales Price,219200
5/1/2009,New Single-family Houses Sold,Median Sales Price,222300
6/1/2009,New Single-family Houses Sold,Median Sales Price,214700
7/1/2009,New Single-family Houses Sold,Median Sales Price,214200
8/1/2009,New Single-family Houses Sold,Median Sales Price,207100
9/1/2009,New Single-family Houses Sold,Median Sales Price,216600
10/1/2009,New Single-family Houses Sold,Median Sales Price,215100
11/1/2009,New Single-family Houses Sold,Median Sales Price,218800
12/1/2009,New Single-family Houses Sold,Median Sales Price,222600
1/1/2010,New Single-family Houses Sold,Median Sales Price,218200
2/1/2010,New Single-family Houses Sold,Median Sales Price,221900
3/1/2010,New Single-family Houses Sold,Median Sales Price,224800
4/1/2010,New Single-family Houses Sold,Median Sales Price,208300
5/1/2010,New Single-family Houses Sold,Median Sales Price,230500
6/1/2010,New Single-family Houses Sold,Median Sales Price,219500
7/1/2010,New Single-family Houses Sold,Median Sales Price,212100
8/1/2010,New Single-family Houses Sold,Median Sales Price,226600
9/1/2010,New Single-family Houses Sold,Median Sales Price,228000
10/1/2010,New Single-family Houses Sold,Median Sales Price,204200
11/1/2010,New Single-family Houses Sold,Median Sales Price,219600
12/1/2010,New Single-family Houses Sold,Median Sales Price,241200
1/1/2011,New Single-family Houses Sold,Median Sales Price,240100
2/1/2011,New Single-family Houses Sold,Median Sales Price,220100
3/1/2011,New Single-family Houses Sold,Median Sales Price,220500
4/1/2011,New Single-family Houses Sold,Median Sales Price,224700
5/1/2011,New Single-family Houses Sold,Median Sales Price,222000
6/1/2011,New Single-family Houses Sold,Median Sales Price,240200
7/1/2011,New Single-family Houses Sold,Median Sales Price,229900
8/1/2011,New Single-family Houses Sold,Median Sales Price,219600
9/1/2011,New Single-family Houses Sold,Median Sales Price,217000
10/1/2011,New Single-family Houses Sold,Median Sales Price,224800
11/1/2011,New Single-family Houses Sold,Median Sales Price,214300
12/1/2011,New Single-family Houses Sold,Median Sales Price,218600
1/1/2012,New Single-family Houses Sold,Median Sales Price,221700
2/1/2012,New Single-family Houses Sold,Median Sales Price,239900
3/1/2012,New Single-family Houses Sold,Median Sales Price,239800
4/1/2012,New Single-family Houses Sold,Median Sales Price,236400
5/1/2012,New Single-family Houses Sold,Median Sales Price,239200
6/1/2012,New Single-family Houses Sold,Median Sales Price,232600
7/1/2012,New Single-family Houses Sold,Median Sales Price,237400
8/1/2012,New Single-family Houses Sold,Median Sales Price,253200
9/1/2012,New Single-family Houses Sold,Median Sales Price,254600
10/1/2012,New Single-family Houses Sold,Median Sales Price,247200
11/1/2012,New Single-family Houses Sold,Median Sales Price,245000
12/1/2012,New Single-family Houses Sold,Median Sales Price,258300
1/1/2013,New Single-family Houses Sold,Median Sales Price,251500
2/1/2013,New Single-family Houses Sold,Median Sales Price,265100
3/1/2013,New Single-family Houses Sold,Median Sales Price,257500
4/1/2013,New Single-family Houses Sold,Median Sales Price,279300
5/1/2013,New Single-family Houses Sold,Median Sales Price,263700
6/1/2013,New Single-family Houses Sold,Median Sales Price,259800
7/1/2013,New Single-family Houses Sold,Median Sales Price,262200
8/1/2013,New Single-family Houses Sold,Median Sales Price,255300
9/1/2013,New Single-family Houses Sold,Median Sales Price,269800
10/1/2013,New Single-family Houses Sold,Median Sales Price,264300
11/1/2013,New Single-family Houses Sold,Median Sales Price,277100
12/1/2013,New Single-family Houses Sold,Median Sales Price,275500
1/1/2014,New Single-family Houses Sold,Median Sales Price,269800
2/1/2014,New Single-family Houses Sold,Median Sales Price,268400
3/1/2014,New Single-family Houses Sold,Median Sales Price,282300
4/1/2014,New Single-family Houses Sold,Median Sales Price,274500
5/1/2014,New Single-family Houses Sold,Median Sales Price,285600
6/1/2014,New Single-family Houses Sold,Median Sales Price,287000
7/1/2014,New Single-family Houses Sold,Median Sales Price,280400
8/1/2014,New Single-family Houses Sold,Median Sales Price,291700
9/1/2014,New Single-family Houses Sold,Median Sales Price,261500
10/1/2014,New Single-family Houses Sold,Median Sales Price,299400
11/1/2014,New Single-family Houses Sold,Median Sales Price,302700
12/1/2014,New Single-family Houses Sold,Median Sales Price,302000
1/1/2015,New Single-family Houses Sold,Median Sales Price,292000
2/1/2015,New Single-family Houses Sold,Median Sales Price,293900
3/1/2015,New Single-family Houses Sold,Median Sales Price,293400
4/1/2015,New Single-family Houses Sold,Median Sales Price,292700
5/1/2015,New Single-family Houses Sold,Median Sales Price,287400
6/1/2015,New Single-family Houses Sold,Median Sales Price,289200
7/1/2015,New Single-family Houses Sold,Median Sales Price,296000
8/1/2015,New Single-family Houses Sold,Median Sales Price,300200
9/1/2015,New Single-family Houses Sold,Median Sales Price,307600
10/1/2015,New Single-family Houses Sold,Median Sales Price,298700
11/1/2015,New Single-family Houses Sold,Median Sales Price,317000
12/1/2015,New Single-family Houses Sold,Median Sales Price,299000
1/1/2016,New Single-family Houses Sold,Median Sales Price,291100
2/1/2016,New Single-family Houses Sold,Median Sales Price,311300
3/1/2016,New Single-family Houses Sold,Median Sales Price,311400
4/1/2016,New Single-family Houses Sold,Median Sales Price,321300
5/1/2016,New Single-family Houses Sold,Median Sales Price,296000
6/1/2016,New Single-family Houses Sold,Median Sales Price,321600
7/1/2016,New Single-family Houses Sold,Median Sales Price,295000
8/1/2016,New Single-family Houses Sold,Median Sales Price,299600
9/1/2016,New Single-family Houses Sold,Median Sales Price,314100
10/1/2016,New Single-family Houses Sold,Median Sales Price,304500
